Workbook

Sheet 月別サマリ
A1: 年月 | B1: 日数 | C1: 平均 | D1: 最小 | E1: 最大
A2: 2026-09 | B2: =COUNTIF(日別データ!$C$2:$C$185,A2) -> 30 | C2: =ROUND(SUMIF(日別データ!$C$2:$C$185,A2,日別データ!$D$2:$D$185)/B2,1) -> 390 | D2: =_xlfn.MINIFS(日別データ!$D$2:$D$185,日別データ!$C$2:$C$185,A2) -> 120 | E2: =_xlfn.MAXIFS(日別データ!$D$2:$D$185,日別データ!$C$2:$C$185,A2) -> 492
A3: 2026-10 | B3: =COUNTIF(日別データ!$C$2:$C$185,A3) -> 31 | C3: =ROUND(SUMIF(日別データ!$C$2:$C$185,A3,日別データ!$D$2:$D$185)/B3,1) -> 281.5 | D3: =_xlfn.MINIFS(日別データ!$D$2:$D$185,日別データ!$C$2:$C$185,A3) -> 192 | E3: =_xlfn.MAXIFS(日別データ!$D$2:$D$185,日別データ!$C$2:$C$185,A3) -> 343
A4: 2026-11 | B4: =COUNTIF(日別データ!$C$2:$C$185,A4) -> 30 | C4: =ROUND(SUMIF(日別データ!$C$2:$C$185,A4,日別データ!$D$2:$D$185)/B4,1) -> 373.3 | D4: =_xlfn.MINIFS(日別データ!$D$2:$D$185,日別データ!$C$2:$C$185,A4) -> 283 | E4: =_xlfn.MAXIFS(日別データ!$D$2:$D$185,日別データ!$C$2:$C$185,A4) -> 459
A5: 2026-12 | B5: =COUNTIF(日別データ!$C$2:$C$185,A5) -> 31 | C5: =ROUND(SUMIF(日別データ!$C$2:$C$185,A5,日別データ!$D$2:$D$185)/B5,1) -> 428.3 | D5: =_xlfn.MINIFS(日別データ!$D$2:$D$185,日別データ!$C$2:$C$185,A5) -> 280 | E5: =_xlfn.MAXIFS(日別データ!$D$2:$D$185,日別データ!$C$2:$C$185,A5) -> 494
A6: 2027-01 | B6: =COUNTIF(日別データ!$C$2:$C$185,A6) -> 31 | C6: =ROUND(SUMIF(日別データ!$C$2:$C$185,A6,日別データ!$D$2:$D$185)/B6,1) -> 533.6 | D6: =_xlfn.MINIFS(日別データ!$D$2:$D$185,日別データ!$C$2:$C$185,A6) -> 311 | E6: =_xlfn.MAXIFS(日別データ!$D$2:$D$185,日別データ!$C$2:$C$185,A6) -> 594
A7: 2027-02 | B7: =COUNTIF(日別データ!$C$2:$C$185,A7) -> 28 | C7: =ROUND(SUMIF(日別データ!$C$2:$C$185,A7,日別データ!$D$2:$D$185)/B7,1) -> 571 | D7: =_xlfn.MINIFS(日別データ!$D$2:$D$185,日別データ!$C$2:$C$185,A7) -> 515 | E7: =_xlfn.MAXIFS(日別データ!$D$2:$D$185,日別データ!$C$2:$C$185,A7) -> 598
A8: 2027-03 | B8: =COUNTIF(日別データ!$C$2:$C$185,A8) -> 3 | C8: =ROUND(SUMIF(日別データ!$C$2:$C$185,A8,日別データ!$D$2:$D$185)/B8,1) -> 497 | D8: =_xlfn.MINIFS(日別データ!$D$2:$D$185,日別データ!$C$2:$C$185,A8) -> 490 | E8: =_xlfn.MAXIFS(日別データ!$D$2:$D$185,日別データ!$C$2:$C$185,A8) -> 504
A10: 期間全体 | B10: =COUNT(日別データ!$D$2:$D$185) -> 184 | C10: =ROUND(AVERAGE(日別データ!$D$2:$D$185),1) -> 428.9 | D10: =MIN(日別データ!$D$2:$D$185) -> 120 | E10: =MAX(日別データ!$D$2:$D$185) -> 598
A11: 中央値 | C11: =MEDIAN(日別データ!$D$2:$D$185) -> 437

Sheet グラフ
