Workbook

Sheet 月別サマリ
A1: 月 | B1: 平均件数 | C1: 最小 | D1: 最大 | E1: 件数(サンプル数)
A2: 2026-09 | B2: =AVERAGE(日別データ!B2:B19) -> 357.38889 | C2: =MIN(日別データ!B2:B19) -> 66 | D2: =MAX(日別データ!B2:B19) -> 523 | E2: =COUNT(日別データ!B2:B19) -> 18
A3: 2026-10 | B3: =AVERAGE(日別データ!B20:B50) -> 258 | C3: =MIN(日別データ!B20:B50) -> 159 | D3: =MAX(日別データ!B20:B50) -> 311 | E3: =COUNT(日別データ!B20:B50) -> 31
A4: 2026-11 | B4: =AVERAGE(日別データ!B51:B80) -> 352.16667 | C4: =MIN(日別データ!B51:B80) -> 258 | D4: =MAX(日別データ!B51:B80) -> 460 | E4: =COUNT(日別データ!B51:B80) -> 30
A5: 2026-12 | B5: =AVERAGE(日別データ!B81:B111) -> 427.35484 | C5: =MIN(日別データ!B81:B111) -> 276 | D5: =MAX(日別データ!B81:B111) -> 501 | E5: =COUNT(日別データ!B81:B111) -> 31
A6: 2027-01 | B6: =AVERAGE(日別データ!B112:B142) -> 540.93548 | C6: =MIN(日別データ!B112:B142) -> 318 | D6: =MAX(日別データ!B112:B142) -> 598 | E6: =COUNT(日別データ!B112:B142) -> 31
A7: 2027-02 | B7: =AVERAGE(日別データ!B143:B170) -> 586.78571 | C7: =MIN(日別データ!B143:B170) -> 549 | D7: =MAX(日別データ!B143:B170) -> 620 | E7: =COUNT(日別データ!B143:B170) -> 28
A8: 2027-03 | B8: =AVERAGE(日別データ!B171:B185) -> 538 | C8: =MIN(日別データ!B171:B185) -> 475 | D8: =MAX(日別データ!B171:B185) -> 590 | E8: =COUNT(日別データ!B171:B185) -> 15
