Workbook

Sheet 日別データ
A1: 日付 | B1: 曜日 | C1: 件数 | D1: 7日移動平均
A2: 2026-07-13 | B2: 月 | C2: 233
A3: 2026-07-14 | B3: 火 | C3: 347
A4: 2026-07-15 | B4: 水 | C4: 343
A5: 2026-07-16 | B5: 木 | C5: 323
A6: 2026-07-17 | B6: 金 | C6: 284
A7: 2026-07-18 | B7: 土 | C7: 160
A8: 2026-07-19 | B8: 日 | C8: 235 | D8: =AVERAGE(C2:C8) -> 275
A9: 2026-07-20 | B9: 月 | C9: 347 | D9: =AVERAGE(C3:C9) -> 291.28571
A10: 2026-07-21 | B10: 火 | C10: 357 | D10: =AVERAGE(C4:C10) -> 292.71429
A11: 2026-07-22 | B11: 水 | C11: 375 | D11: =AVERAGE(C5:C11) -> 297.28571
A12: 2026-07-23 | B12: 木 | C12: 357 | D12: =AVERAGE(C6:C12) -> 302.14286
A13: 2026-07-24 | B13: 金 | C13: 288 | D13: =AVERAGE(C7:C13) -> 302.71429
A14: 2026-07-25 | B14: 土 | C14: 228 | D14: =AVERAGE(C8:C14) -> 312.42857
A15: 2026-07-26 | B15: 日 | C15: 363 | D15: =AVERAGE(C9:C15) -> 330.71429
A16: 2026-07-27 | B16: 月 | C16: 394 | D16: =AVERAGE(C10:C16) -> 337.42857
A17: 2026-07-28 | B17: 火 | C17: 379 | D17: =AVERAGE(C11:C17) -> 340.57143
A18: 2026-07-29 | B18: 水 | C18: 386 | D18: =AVERAGE(C12:C18) -> 342.14286
A19: 2026-07-30 | B19: 木 | C19: 370 | D19: =AVERAGE(C13:C19) -> 344
... A185: 2027-01-12 | B185: 火 | C185: 493 | D185: =AVERAGE(C179:C185) -> 521.57143

Sheet 月別サマリ
A1: 月 | B1: 日数 | C1: 平均 | D1: 最小 | E1: 最大
A2: 2026-07 | B2: 19 | C2: =ROUND(AVERAGE(日別データ!C2:C20),1) -> 323.4 | D2: =MIN(日別データ!C2:C20) -> 160 | E2: =MAX(日別データ!C2:C20) -> 394
A3: 2026-08 | B3: 31 | C3: =ROUND(AVERAGE(日別データ!C21:C51),1) -> 476.8 | D3: =MIN(日別データ!C21:C51) -> 326 | E3: =MAX(日別データ!C21:C51) -> 599
A4: 2026-09 | B4: 30 | C4: =ROUND(AVERAGE(日別データ!C52:C81),1) -> 514.4 | D4: =MIN(日別データ!C52:C81) -> 381 | E4: =MAX(日別データ!C52:C81) -> 575
A5: 2026-10 | B5: 31 | C5: =ROUND(AVERAGE(日別データ!C82:C112),1) -> 412.8 | D5: =MIN(日別データ!C82:C112) -> 368 | E5: =MAX(日別データ!C82:C112) -> 465
A6: 2026-11 | B6: 30 | C6: =ROUND(AVERAGE(日別データ!C113:C142),1) -> 458.4 | D6: =MIN(日別データ!C113:C142) -> 410 | E6: =MAX(日別データ!C113:C142) -> 524
A7: 2026-12 | B7: 31 | C7: =ROUND(AVERAGE(日別データ!C143:C173),1) -> 495.5 | D7: =MIN(日別データ!C143:C173) -> 386 | E7: =MAX(日別データ!C143:C173) -> 555
A8: 2027-01 | B8: 12 | C8: =ROUND(AVERAGE(日別データ!C174:C185),1) -> 513.3 | D8: =MIN(日別データ!C174:C185) -> 398 | E8: =MAX(日別データ!C174:C185) -> 570
A10: 期間全体
A11: 最小 | B11: =MIN(日別データ!C2:C185) -> 160
A12: 最大 | B12: =MAX(日別データ!C2:C185) -> 599
A13: 平均 | B13: =ROUND(AVERAGE(日別データ!C2:C185),1) -> 458.8
A14: 中央値 | B14: =MEDIAN(日別データ!C2:C185) -> 462
