Workbook

Sheet Monthly
A1: 月 | B1: 平均在庫数 | C1: 最小 | D1: 最大 | E1: 日数
A2: 2026-05 | B2: =AVERAGEIF(Daily!$D$2:$D$184,A2,Daily!$C$2:$C$184) -> 195.89474 | C2: =SUMPRODUCT(MIN(IF(Daily!$D$2:$D$184=A2,Daily!$C$2:$C$184))) -> 91 | D2: =SUMPRODUCT(MAX(IF(Daily!$D$2:$D$184=A2,Daily!$C$2:$C$184))) -> 280 | E2: =COUNTIF(Daily!$D$2:$D$184,A2) -> 19
A3: 2026-06 | B3: =AVERAGEIF(Daily!$D$2:$D$184,A3,Daily!$C$2:$C$184) -> 438.4 | C3: =SUMPRODUCT(MIN(IF(Daily!$D$2:$D$184=A3,Daily!$C$2:$C$184))) -> 329 | D3: =SUMPRODUCT(MAX(IF(Daily!$D$2:$D$184=A3,Daily!$C$2:$C$184))) -> 499 | E3: =COUNTIF(Daily!$D$2:$D$184,A3) -> 30
A4: 2026-07 | B4: =AVERAGEIF(Daily!$D$2:$D$184,A4,Daily!$C$2:$C$184) -> 489.96774 | C4: =SUMPRODUCT(MIN(IF(Daily!$D$2:$D$184=A4,Daily!$C$2:$C$184))) -> 413 | D4: =SUMPRODUCT(MAX(IF(Daily!$D$2:$D$184=A4,Daily!$C$2:$C$184))) -> 549 | E4: =COUNTIF(Daily!$D$2:$D$184,A4) -> 31
A5: 2026-08 | B5: =AVERAGEIF(Daily!$D$2:$D$184,A5,Daily!$C$2:$C$184) -> 604.19355 | C5: =SUMPRODUCT(MIN(IF(Daily!$D$2:$D$184=A5,Daily!$C$2:$C$184))) -> 497 | D5: =SUMPRODUCT(MAX(IF(Daily!$D$2:$D$184=A5,Daily!$C$2:$C$184))) -> 670 | E5: =COUNTIF(Daily!$D$2:$D$184,A5) -> 31
A6: 2026-09 | B6: =AVERAGEIF(Daily!$D$2:$D$184,A6,Daily!$C$2:$C$184) -> 603.36667 | C6: =SUMPRODUCT(MIN(IF(Daily!$D$2:$D$184=A6,Daily!$C$2:$C$184))) -> 521 | D6: =SUMPRODUCT(MAX(IF(Daily!$D$2:$D$184=A6,Daily!$C$2:$C$184))) -> 648 | E6: =COUNTIF(Daily!$D$2:$D$184,A6) -> 30
A7: 2026-10 | B7: =AVERAGEIF(Daily!$D$2:$D$184,A7,Daily!$C$2:$C$184) -> 515.12903 | C7: =SUMPRODUCT(MIN(IF(Daily!$D$2:$D$184=A7,Daily!$C$2:$C$184))) -> 467 | D7: =SUMPRODUCT(MAX(IF(Daily!$D$2:$D$184=A7,Daily!$C$2:$C$184))) -> 550 | E7: =COUNTIF(Daily!$D$2:$D$184,A7) -> 31
A8: 2026-11 | B8: =AVERAGEIF(Daily!$D$2:$D$184,A8,Daily!$C$2:$C$184) -> 513.18182 | C8: =SUMPRODUCT(MIN(IF(Daily!$D$2:$D$184=A8,Daily!$C$2:$C$184))) -> 454 | D8: =SUMPRODUCT(MAX(IF(Daily!$D$2:$D$184=A8,Daily!$C$2:$C$184))) -> 547 | E8: =COUNTIF(Daily!$D$2:$D$184,A8) -> 11
A9: 全期間 | B9: =AVERAGE(Daily!C2:C184) -> 494.57923 | C9: =MIN(Daily!C2:C184) -> 91 | D9: =MAX(Daily!C2:C184) -> 670 | E9: =COUNT(Daily!C2:C184) -> 183

Sheet Chart
