Workbook

Sheet 日別データ
A1: 日付 | B1: 曜日 | C1: 件数 | D1: 前日比
A2: 2026-04-21 | B2: 火 | C2: 170
A3: 2026-04-22 | B3: 水 | C3: 285 | D3: =C3-C2 -> 115
A4: 2026-04-23 | B4: 木 | C4: 279 | D4: =C4-C3 -> -6
A5: 2026-04-24 | B5: 金 | C5: 271 | D5: =C5-C4 -> -8
A6: 2026-04-25 | B6: 土 | C6: 181 | D6: =C6-C5 -> -90
A7: 2026-04-26 | B7: 日 | C7: 326 | D7: =C7-C6 -> 145
A8: 2026-04-27 | B8: 月 | C8: 417 | D8: =C8-C7 -> 91
A9: 2026-04-28 | B9: 火 | C9: 464 | D9: =C9-C8 -> 47
A10: 2026-04-29 | B10: 水 | C10: 402 | D10: =C10-C9 -> -62
A11: 2026-04-30 | B11: 木 | C11: 376 | D11: =C11-C10 -> -26
A12: 2026-05-01 | B12: 金 | C12: 286 | D12: =C12-C11 -> -90
A13: 2026-05-02 | B13: 土 | C13: 155 | D13: =C13-C12 -> -131
A14: 2026-05-03 | B14: 日 | C14: 158 | D14: =C14-C13 -> 3
... A184: 2026-10-20 | B184: 火 | C184: 431 | D184: =C184-C183 -> 22

Sheet 月別サマリ
A1: 月 | B1: 日数 | C1: 平均件数 | D1: 最小 | E1: 最大 | F1: 中央値
A2: 2026-04 | B2: 10 | C2: =AVERAGE(日別データ!C2:C11) -> 317.1 | D2: =MIN(日別データ!C2:C11) -> 170 | E2: =MAX(日別データ!C2:C11) -> 464 | F2: =MEDIAN(日別データ!C2:C11) -> 305.5
A3: 2026-05 | B3: 31 | C3: =AVERAGE(日別データ!C12:C42) -> 291.90323 | D3: =MIN(日別データ!C12:C42) -> 155 | E3: =MAX(日別データ!C12:C42) -> 459 | F3: =MEDIAN(日別データ!C12:C42) -> 286
A4: 2026-06 | B4: 30 | C4: =AVERAGE(日別データ!C43:C72) -> 458.43333 | D4: =MIN(日別データ!C43:C72) -> 361 | E4: =MAX(日別データ!C43:C72) -> 509 | F4: =MEDIAN(日別データ!C43:C72) -> 475.5
A5: 2026-07 | B5: 31 | C5: =AVERAGE(日別データ!C73:C103) -> 492.90323 | D5: =MIN(日別データ!C73:C103) -> 429 | E5: =MAX(日別データ!C73:C103) -> 545 | F5: =MEDIAN(日別データ!C73:C103) -> 501
A6: 2026-08 | B6: 31 | C6: =AVERAGE(日別データ!C104:C134) -> 585.67742 | D6: =MIN(日別データ!C104:C134) -> 504 | E6: =MAX(日別データ!C104:C134) -> 646 | F6: =MEDIAN(日別データ!C104:C134) -> 591
A7: 2026-09 | B7: 30 | C7: =AVERAGE(日別データ!C135:C164) -> 594.33333 | D7: =MIN(日別データ!C135:C164) -> 534 | E7: =MAX(日別データ!C135:C164) -> 627 | F7: =MEDIAN(日別データ!C135:C164) -> 597.5
A8: 2026-10 | B8: 20 | C8: =AVERAGE(日別データ!C165:C184) -> 496.65 | D8: =MIN(日別データ!C165:C184) -> 401 | E8: =MAX(日別データ!C165:C184) -> 548 | F8: =MEDIAN(日別データ!C165:C184) -> 511

Sheet 期間統計
A1: 指標 | B1: 値
A2: 期間 | B2: 2026-04-21 〜 2026-10-20
A3: 日数 | B3: 183
A4: 最小件数 | B4: =MIN(日別データ!C2:C184) -> 155
A5: 最大件数 | B5: =MAX(日別データ!C2:C184) -> 646
A6: 平均件数 | B6: =AVERAGE(日別データ!C2:C184) -> 476.34973
A7: 中央値 | B7: =MEDIAN(日別データ!C2:C184) -> 501

Sheet 折れ線グラフ
