Workbook

Sheet 月別サマリ
A1: 月 | B1: 平均在庫数 | C1: 最小 | D1: 最大 | E1: 日数
A2: 2026-07 | B2: =ROUND(AVERAGE(日別データ!B2:B25),0) -> 348 | C2: =MIN(日別データ!B2:B25) -> 206 | D2: =MAX(日別データ!B2:B25) -> 429 | E2: =COUNT(日別データ!B2:B25) -> 24
A3: 2026-08 | B3: =ROUND(AVERAGE(日別データ!B26:B56),0) -> 540 | C3: =MIN(日別データ!B26:B56) -> 375 | D3: =MAX(日別データ!B26:B56) -> 677 | E3: =COUNT(日別データ!B26:B56) -> 31
A4: 2026-09 | B4: =ROUND(AVERAGE(日別データ!B57:B86),0) -> 578 | C4: =MIN(日別データ!B57:B86) -> 430 | D4: =MAX(日別データ!B57:B86) -> 647 | E4: =COUNT(日別データ!B57:B86) -> 30
A5: 2026-10 | B5: =ROUND(AVERAGE(日別データ!B87:B117),0) -> 467 | C5: =MIN(日別データ!B87:B117) -> 400 | D5: =MAX(日別データ!B87:B117) -> 519 | E5: =COUNT(日別データ!B87:B117) -> 31
A6: 2026-11 | B6: =ROUND(AVERAGE(日別データ!B118:B147),0) -> 525 | C6: =MIN(日別データ!B118:B147) -> 472 | D6: =MAX(日別データ!B118:B147) -> 602 | E6: =COUNT(日別データ!B118:B147) -> 30
A7: 2026-12 | B7: =ROUND(AVERAGE(日別データ!B148:B178),0) -> 564 | C7: =MIN(日別データ!B148:B178) -> 456 | D7: =MAX(日別データ!B148:B178) -> 621 | E7: =COUNT(日別データ!B148:B178) -> 31
A8: 2027-01 | B8: =ROUND(AVERAGE(日別データ!B179:B185),0) -> 533 | C8: =MIN(日別データ!B179:B185) -> 449 | D8: =MAX(日別データ!B179:B185) -> 577 | E8: =COUNT(日別データ!B179:B185) -> 7

Sheet サマリ
A1: 指標 | B1: 値
A2: 基準日 | B2: 2026-07-08
A3: 当日件数 | B3: 224
A4: 前日比 | B4: -35
A5: 1週間後 | B5: 386
A6: 30日後 | B6: 471
A7: 60日後 | B7: 618
A8: 90日後 | B8: 470
A9: 180日後 | B9: 545
A10: 最小 | B10: 206
A11: 最大 | B11: 677
A12: 平均 | B12: 510
A13: 中央値 | B13: 513
