Workbook

Sheet 日別データ
A1: Airbnb 競合市場在庫数（羽田空港・まるまる貸切×ゲストチョイス・大人5名・1泊）
A2: 取得日 2026-09-02 ／ 対象 184日分 ／ 取得エラー 0件
A3: 出典: Airbnb検索結果ページ（Hanedakuko--Japan, Entire home/apt, guest_favorite=true, adults=5, 1泊）を日次スクレイプ
A5: 日付 | B5: 曜日 | C5: 在庫件数 | D5: 7日移動平均 | E5: 月 | F5: 日付(表示用)
A6: 46267 | B6: 水 | C6: 330 | E6: 2026-09 | F6: 2026-09-02
A7: 46268 | B7: 木 | C7: 415 | E7: 2026-09 | F7: 2026-09-03
A8: 46269 | B8: 金 | C8: 368 | E8: 2026-09 | F8: 2026-09-04
A9: 46270 | B9: 土 | C9: 337 | E9: 2026-09 | F9: 2026-09-05
A10: 46271 | B10: 日 | C10: 449 | E10: 2026-09 | F10: 2026-09-06
A11: 46272 | B11: 月 | C11: 487 | E11: 2026-09 | F11: 2026-09-07
A12: 46273 | B12: 火 | C12: 495 | D12: =ROUND(AVERAGE(C6:C12),1) -> 411.6 | E12: 2026-09 | F12: 2026-09-08
A13: 46274 | B13: 水 | C13: 498 | D13: =ROUND(AVERAGE(C7:C13),1) -> 435.6 | E13: 2026-09 | F13: 2026-09-09
A14: 46275 | B14: 木 | C14: 443 | D14: =ROUND(AVERAGE(C8:C14),1) -> 439.6 | E14: 2026-09 | F14: 2026-09-10
A15: 46276 | B15: 金 | C15: 411 | D15: =ROUND(AVERAGE(C9:C15),1) -> 445.7 | E15: 2026-09 | F15: 2026-09-11
A16: 46277 | B16: 土 | C16: 350 | D16: =ROUND(AVERAGE(C10:C16),1) -> 447.6 | E16: 2026-09 | F16: 2026-09-12
A17: 46278 | B17: 日 | C17: 456 | D17: =ROUND(AVERAGE(C11:C17),1) -> 448.6 | E17: 2026-09 | F17: 2026-09-13
A18: 46279 | B18: 月 | C18: 460 | D18: =ROUND(AVERAGE(C12:C18),1) -> 444.7 | E18: 2026-09 | F18: 2026-09-14
A19: 46280 | B19: 火 | C19: 493 | D19: =ROUND(AVERAGE(C13:C19),1) -> 444.4 | E19: 2026-09 | F19: 2026-09-15
A20: 46281 | B20: 水 | C20: 479 | D20: =ROUND(AVERAGE(C14:C20),1) -> 441.7 | E20: 2026-09 | F20: 2026-09-16
A21: 46282 | B21: 木 | C21: 427 | D21: =ROUND(AVERAGE(C15:C21),1) -> 439.4 | E21: 2026-09 | F21: 2026-09-17
A22: 46283 | B22: 金 | C22: 355 | D22: =ROUND(AVERAGE(C16:C22),1) -> 431.4 | E22: 2026-09 | F22: 2026-09-18
A23: 46284 | B23: 土 | C23: 172 | D23: =ROUND(AVERAGE(C17:C23),1) -> 406 | E23: 2026-09 | F23: 2026-09-19
... A189: 46450 | B189: 木 | C189: 477 | D189: =ROUND(AVERAGE(C183:C189),1) -> 533.7 | E189: 2027-03 | F189: 2027-03-04
A191: サマリー
A192: 当日件数 | B192: =C6 -> 330
A193: 最小 | B193: =MIN(C6:C189) -> 118
A194: 最大 | B194: =MAX(C6:C189) -> 601
A195: 平均 | B195: =ROUND(AVERAGE(C6:C189),1) -> 431.8
A196: 中央値 | B196: =ROUND(MEDIAN(C6:C189),1) -> 439
A198: ※前日(2026-09-01)当日値=361件。差分 -31件。前日値はNotion日次レポートより。

Sheet 月別サマリ
A1: 月 | B1: 平均件数 | C1: 日数 | D1: 最小 | E1: 最大
A2: 2026-09 | B2: =ROUND(AVERAGEIF(日別データ!$E$6:$E$189,A2,日別データ!$C$6:$C$189),1) -> 387.1 | C2: =COUNTIF(日別データ!$E$6:$E$189,A2) -> 29 | D2: =_xlfn.MINIFS(日別データ!$C$6:$C$189,日別データ!$E$6:$E$189,A2) -> 118 | E2: =_xlfn.MAXIFS(日別データ!$C$6:$C$189,日別データ!$E$6:$E$189,A2) -> 498
A3: 2026-10 | B3: =ROUND(AVERAGEIF(日別データ!$E$6:$E$189,A3,日別データ!$C$6:$C$189),1) -> 283.2 | C3: =COUNTIF(日別データ!$E$6:$E$189,A3) -> 31 | D3: =_xlfn.MINIFS(日別データ!$C$6:$C$189,日別データ!$E$6:$E$189,A3) -> 190 | E3: =_xlfn.MAXIFS(日別データ!$C$6:$C$189,日別データ!$E$6:$E$189,A3) -> 345
A4: 2026-11 | B4: =ROUND(AVERAGEIF(日別データ!$E$6:$E$189,A4,日別データ!$C$6:$C$189),1) -> 374.6 | C4: =COUNTIF(日別データ!$E$6:$E$189,A4) -> 30 | D4: =_xlfn.MINIFS(日別データ!$C$6:$C$189,日別データ!$E$6:$E$189,A4) -> 282 | E4: =_xlfn.MAXIFS(日別データ!$C$6:$C$189,日別データ!$E$6:$E$189,A4) -> 473
A5: 2026-12 | B5: =ROUND(AVERAGEIF(日別データ!$E$6:$E$189,A5,日別データ!$C$6:$C$189),1) -> 431.9 | C5: =COUNTIF(日別データ!$E$6:$E$189,A5) -> 31 | D5: =_xlfn.MINIFS(日別データ!$C$6:$C$189,日別データ!$E$6:$E$189,A5) -> 284 | E5: =_xlfn.MAXIFS(日別データ!$C$6:$C$189,日別データ!$E$6:$E$189,A5) -> 498
A6: 2027-01 | B6: =ROUND(AVERAGEIF(日別データ!$E$6:$E$189,A6,日別データ!$C$6:$C$189),1) -> 539 | C6: =COUNTIF(日別データ!$E$6:$E$189,A6) -> 31 | D6: =_xlfn.MINIFS(日別データ!$C$6:$C$189,日別データ!$E$6:$E$189,A6) -> 317 | E6: =_xlfn.MAXIFS(日別データ!$C$6:$C$189,日別データ!$E$6:$E$189,A6) -> 597
A7: 2027-02 | B7: =ROUND(AVERAGEIF(日別データ!$E$6:$E$189,A7,日別データ!$C$6:$C$189),1) -> 575.6 | C7: =COUNTIF(日別データ!$E$6:$E$189,A7) -> 28 | D7: =_xlfn.MINIFS(日別データ!$C$6:$C$189,日別データ!$E$6:$E$189,A7) -> 534 | E7: =_xlfn.MAXIFS(日別データ!$C$6:$C$189,日別データ!$E$6:$E$189,A7) -> 601
A8: 2027-03 | B8: =ROUND(AVERAGEIF(日別データ!$E$6:$E$189,A8,日別データ!$C$6:$C$189),1) -> 499.5 | C8: =COUNTIF(日別データ!$E$6:$E$189,A8) -> 4 | D8: =_xlfn.MINIFS(日別データ!$C$6:$C$189,日別データ!$E$6:$E$189,A8) -> 477 | E8: =_xlfn.MAXIFS(日別データ!$C$6:$C$189,日別データ!$E$6:$E$189,A8) -> 520
A10: ※2026-09と2027-03は月途中のため日数が少ない（部分月）
