Workbook

Sheet 日別データ
A1: 日付 | B1: 競合在庫数
A2: 46232 | B2: 183
A3: 46233 | B3: 265
A4: 46234 | B4: 252
A5: 46235 | B5: 199
A6: 46236 | B6: 324
A7: 46237 | B7: 362
A8: 46238 | B8: 407
A9: 46239 | B9: 429
A10: 46240 | B10: 404
A11: 46241 | B11: 362
A12: 46242 | B12: 298
A13: 46243 | B13: 341
... A185: 46415 | B185: 493

Sheet 月別サマリ
A1: 月 | B1: 平均在庫数 | C1: 日数
A2: 2026-07 | B2: =IFERROR(AVERAGEIFS(日別データ!$B$2:$B$185,日別データ!$A$2:$A$185,">="&DATE(2026,7,1),日別データ!$A$2:$A$185,"<="&DATE(2026,7,31)),"") -> 233.33333 | C2: =COUNTIFS(日別データ!$A$2:$A$185,">="&DATE(2026,7,1),日別データ!$A$2:$A$185,"<="&DATE(2026,7,31)) -> 3
A3: 2026-08 | B3: =IFERROR(AVERAGEIFS(日別データ!$B$2:$B$185,日別データ!$A$2:$A$185,">="&DATE(2026,8,1),日別データ!$A$2:$A$185,"<="&DATE(2026,8,31)),"") -> 424.19355 | C3: =COUNTIFS(日別データ!$A$2:$A$185,">="&DATE(2026,8,1),日別データ!$A$2:$A$185,"<="&DATE(2026,8,31)) -> 31
A4: 2026-09 | B4: =IFERROR(AVERAGEIFS(日別データ!$B$2:$B$185,日別データ!$A$2:$A$185,">="&DATE(2026,9,1),日別データ!$A$2:$A$185,"<="&DATE(2026,9,30)),"") -> 452.7 | C4: =COUNTIFS(日別データ!$A$2:$A$185,">="&DATE(2026,9,1),日別データ!$A$2:$A$185,"<="&DATE(2026,9,30)) -> 30
A5: 2026-10 | B5: =IFERROR(AVERAGEIFS(日別データ!$B$2:$B$185,日別データ!$A$2:$A$185,">="&DATE(2026,10,1),日別データ!$A$2:$A$185,"<="&DATE(2026,10,31)),"") -> 368.83871 | C5: =COUNTIFS(日別データ!$A$2:$A$185,">="&DATE(2026,10,1),日別データ!$A$2:$A$185,"<="&DATE(2026,10,31)) -> 31
A6: 2026-11 | B6: =IFERROR(AVERAGEIFS(日別データ!$B$2:$B$185,日別データ!$A$2:$A$185,">="&DATE(2026,11,1),日別データ!$A$2:$A$185,"<="&DATE(2026,11,30)),"") -> 417.93333 | C6: =COUNTIFS(日別データ!$A$2:$A$185,">="&DATE(2026,11,1),日別データ!$A$2:$A$185,"<="&DATE(2026,11,30)) -> 30
A7: 2026-12 | B7: =IFERROR(AVERAGEIFS(日別データ!$B$2:$B$185,日別データ!$A$2:$A$185,">="&DATE(2026,12,1),日別データ!$A$2:$A$185,"<="&DATE(2026,12,31)),"") -> 456.70968 | C7: =COUNTIFS(日別データ!$A$2:$A$185,">="&DATE(2026,12,1),日別データ!$A$2:$A$185,"<="&DATE(2026,12,31)) -> 31
A8: 2027-01 | B8: =IFERROR(AVERAGEIFS(日別データ!$B$2:$B$185,日別データ!$A$2:$A$185,">="&DATE(2027,1,1),日別データ!$A$2:$A$185,"<="&DATE(2027,1,31)),"") -> 528.21429 | C8: =COUNTIFS(日別データ!$A$2:$A$185,">="&DATE(2027,1,1),日別データ!$A$2:$A$185,"<="&DATE(2027,1,31)) -> 28

Sheet サマリ指標
A1: 指標 | B1: 値
A2: 対象日 | B2: 2026-07-29
A3: 当日件数 | B3: =日別データ!B2 -> 183
A4: 1週間後(+7日) | B4: =INDEX(日別データ!B:B,2+7) -> 429
A5: 30日後 | B5: =INDEX(日別データ!B:B,2+30) -> 493
A6: 60日後 | B6: =INDEX(日別データ!B:B,2+60) -> 475
A7: 90日後 | B7: =INDEX(日別データ!B:B,2+90) -> 398
A8: 180日後 | B8: =INDEX(日別データ!B:B,2+180) -> 503
A9: 最小 | B9: =MIN(日別データ!B2:B185) -> 183
A10: 最大 | B10: =MAX(日別データ!B2:B185) -> 577
A11: 平均 | B11: =ROUND(AVERAGE(日別データ!B2:B185),1) -> 436.7
A12: 中央値 | B12: =MEDIAN(日別データ!B2:B185) -> 442
A13: リスティング表示順位 | B13: 2番目（1ページ目）
A14: 〜30日 稼働率 | B14: 0.667
A15: 〜60日 稼働率 | B15: 0.6
A16: 〜90日 稼働率 | B16: 0.633
