Workbook

Sheet 日別データ
A1: Airbnb 羽田空港エリア 競合市場在庫数（日別）
A2: セグメント: 羽田空港エリア／まるまる貸切／ゲストチョイス／大人5名／1泊 ／ 取得日: 2026-08-22 ／ 出所: Airbnb検索結果ページのSSRレスポンス件数（ハードコード入力）
A4: 日付 | B4: 曜日 | C4: 在庫件数 | D4: 今日からの日数 | E4: 月
A5: 46256 | B5: 土 | C5: 202 | D5: 0 | E5: 2026-08
A6: 46257 | B6: 日 | C6: 405 | D6: 1 | E6: 2026-08
A7: 46258 | B7: 月 | C7: 436 | D7: 2 | E7: 2026-08
A8: 46259 | B8: 火 | C8: 473 | D8: 3 | E8: 2026-08
A9: 46260 | B9: 水 | C9: 482 | D9: 4 | E9: 2026-08
A10: 46261 | B10: 木 | C10: 494 | D10: 5 | E10: 2026-08
A11: 46262 | B11: 金 | C11: 459 | D11: 6 | E11: 2026-08
A12: 46263 | B12: 土 | C12: 420 | D12: 7 | E12: 2026-08
A13: 46264 | B13: 日 | C13: 498 | D13: 8 | E13: 2026-08
A14: 46265 | B14: 月 | C14: 563 | D14: 9 | E14: 2026-08
A15: 46266 | B15: 火 | C15: 522 | D15: 10 | E15: 2026-09
A16: 46267 | B16: 水 | C16: 484 | D16: 11 | E16: 2026-09
... A188: 46439 | B188: 日 | C188: 525 | D188: 183 | E188: 2027-02
A190: 統計（期間全体）
A191: 最小 | B191: =MIN(C5:C188) -> 199
A192: 最大 | B192: =MAX(C5:C188) -> 620
A193: 平均 | B193: =ROUND(AVERAGE(C5:C188),0) -> 449
A194: 中央値 | B194: =ROUND(MEDIAN(C5:C188),0) -> 454
A195: データ日数 | B195: =COUNT(C5:C188) -> 184
A197: ※在庫件数はAirbnb検索結果の「XX件」表示をそのまま記録した実測値です（計算値ではありません）。

Sheet 月別サマリ
A1: 月別サマリ
A3: 月 | B3: 平均在庫 | C3: 最小 | D3: 最大 | E3: 日数
A4: 2026-08 | B4: =ROUND(AVERAGEIFS(日別データ!$C$5:$C$188,日別データ!$E$5:$E$188,$A4),0) -> 443 | C4: =_xlfn.MINIFS(日別データ!$C$5:$C$188,日別データ!$E$5:$E$188,$A4) -> 202 | D4: =_xlfn.MAXIFS(日別データ!$C$5:$C$188,日別データ!$E$5:$E$188,$A4) -> 563 | E4: =COUNTIFS(日別データ!$E$5:$E$188,$A4) -> 10
A5: 2026-09 | B5: =ROUND(AVERAGEIFS(日別データ!$C$5:$C$188,日別データ!$E$5:$E$188,$A5),0) -> 425 | C5: =_xlfn.MINIFS(日別データ!$C$5:$C$188,日別データ!$E$5:$E$188,$A5) -> 199 | D5: =_xlfn.MAXIFS(日別データ!$C$5:$C$188,日別データ!$E$5:$E$188,$A5) -> 525 | E5: =COUNTIFS(日別データ!$E$5:$E$188,$A5) -> 30
A6: 2026-10 | B6: =ROUND(AVERAGEIFS(日別データ!$C$5:$C$188,日別データ!$E$5:$E$188,$A6),0) -> 323 | C6: =_xlfn.MINIFS(日別データ!$C$5:$C$188,日別データ!$E$5:$E$188,$A6) -> 222 | D6: =_xlfn.MAXIFS(日別データ!$C$5:$C$188,日別データ!$E$5:$E$188,$A6) -> 378 | E6: =COUNTIFS(日別データ!$E$5:$E$188,$A6) -> 31
A7: 2026-11 | B7: =ROUND(AVERAGEIFS(日別データ!$C$5:$C$188,日別データ!$E$5:$E$188,$A7),0) -> 403 | C7: =_xlfn.MINIFS(日別データ!$C$5:$C$188,日別データ!$E$5:$E$188,$A7) -> 305 | D7: =_xlfn.MAXIFS(日別データ!$C$5:$C$188,日別データ!$E$5:$E$188,$A7) -> 484 | E7: =COUNTIFS(日別データ!$E$5:$E$188,$A7) -> 30
A8: 2026-12 | B8: =ROUND(AVERAGEIFS(日別データ!$C$5:$C$188,日別データ!$E$5:$E$188,$A8),0) -> 457 | C8: =_xlfn.MINIFS(日別データ!$C$5:$C$188,日別データ!$E$5:$E$188,$A8) -> 306 | D8: =_xlfn.MAXIFS(日別データ!$C$5:$C$188,日別データ!$E$5:$E$188,$A8) -> 524 | E8: =COUNTIFS(日別データ!$E$5:$E$188,$A8) -> 31
A9: 2027-01 | B9: =ROUND(AVERAGEIFS(日別データ!$C$5:$C$188,日別データ!$E$5:$E$188,$A9),0) -> 553 | C9: =_xlfn.MINIFS(日別データ!$C$5:$C$188,日別データ!$E$5:$E$188,$A9) -> 337 | D9: =_xlfn.MAXIFS(日別データ!$C$5:$C$188,日別データ!$E$5:$E$188,$A9) -> 611 | E9: =COUNTIFS(日別データ!$E$5:$E$188,$A9) -> 31
A10: 2027-02 | B10: =ROUND(AVERAGEIFS(日別データ!$C$5:$C$188,日別データ!$E$5:$E$188,$A10),0) -> 577 | C10: =_xlfn.MINIFS(日別データ!$C$5:$C$188,日別データ!$E$5:$E$188,$A10) -> 499 | D10: =_xlfn.MAXIFS(日別データ!$C$5:$C$188,日別データ!$E$5:$E$188,$A10) -> 620 | E10: =COUNTIFS(日別データ!$E$5:$E$188,$A10) -> 21
