Workbook

Sheet サマリ
A1: Airbnb 羽田空港エリア在庫モニタリング
A3: 取得日 | B3: 2026-04-29
A4: セグメント | B4: まるまる貸切 × ゲストチョイス × 大人5人 × 1泊
A5: 総取得日数 | B5: 184
A7: 当日件数 | B7: 268
A8: 前日比 | B8: -31
A10: 期間統計（今日〜+183日）
A11: 最小 | B11: 106
A12: 最大 | B12: 638
A13: 平均 | B13: 473.1
A14: 中央値 | B14: 491.5
A16: キーポイント
A17: 1週間後 (+7日) | B17: 456
A18: 30日後 | B18: 241
A19: 60日後 | B19: 487
A20: 90日後 | B20: 516
A21: 180日後 | B21: 437

Sheet 月別サマリ
A1: 月 | B1: 平均件数 | C1: 最小 | D1: 最大 | E1: 日数
A2: 2026-04 | B2: =AVERAGE(日別データ!B2:B3) -> 305 | C2: =MIN(日別データ!B2:B3) -> 268 | D2: =MAX(日別データ!B2:B3) -> 342 | E2: 2
A3: 2026-05 | B3: =AVERAGE(日別データ!B4:B34) -> 265.80645 | C3: =MIN(日別データ!B4:B34) -> 106 | D3: =MAX(日別データ!B4:B34) -> 456 | E3: 31
A4: 2026-06 | B4: =AVERAGE(日別データ!B35:B64) -> 444.9 | C4: =MIN(日別データ!B35:B64) -> 346 | D4: =MAX(日別データ!B35:B64) -> 496 | E4: 30
A5: 2026-07 | B5: =AVERAGE(日別データ!B65:B95) -> 488.58065 | C5: =MIN(日別データ!B65:B95) -> 409 | D5: =MAX(日別データ!B65:B95) -> 540 | E5: 31
A6: 2026-08 | B6: =AVERAGE(日別データ!B96:B126) -> 582.80645 | C6: =MIN(日別データ!B96:B126) -> 489 | D6: =MAX(日別データ!B96:B126) -> 638 | E6: 31
A7: 2026-09 | B7: =AVERAGE(日別データ!B127:B156) -> 585.33333 | C7: =MIN(日別データ!B127:B156) -> 518 | D7: =MAX(日別データ!B127:B156) -> 623 | E7: 30
A8: 2026-10 | B8: =AVERAGE(日別データ!B157:B185) -> 485.51724 | C8: =MIN(日別データ!B157:B185) -> 413 | D8: =MAX(日別データ!B157:B185) -> 533 | E8: 29
